{"schemaVersion":"1.0","appDefinitionTemplate":{"id":"/providers/Microsoft.PowerApps/apps/","type":"Microsoft.PowerApps/apps","tags":{"primaryDeviceWidth":"640","primaryDeviceHeight":"1136","supportsPortrait":"true","supportsLandscape":"true","primaryFormFactor":"Phone","publisherVersion":"3.22101.23","minimumRequiredApiVersion":"2.2.0","hasComponent":"false","hasUnlockedComponent":"false","isUnifiedRootApp":"false","sienaVersion":"20221017T175414Z-3.22101.23.0"},"properties":{"appVersion":"2022-10-17T17:54:14Z","lifeCycleId":"Published","createdByClientVersion":{"major":3,"minor":22101,"build":23,"revision":0,"majorRevision":0,"minorRevision":0},"minClientVersion":{"major":3,"minor":22101,"build":23,"revision":0,"majorRevision":0,"minorRevision":0},"backgroundColor":"rgba(246, 88, 16, 1)","backgroundImageUri":"/11386015480372971573/N9ef6fadf-4a00-4b16-a3c8-1f1b3b9f77e7-logoSmallFile","displayName":"Información de los miembros","description":"","commitMessage":"","appUris":{"documentUri":{"value":"/11386015480372971573/Ndf08d385-a5d6-4bd0-8a9e-bc6a4c922ea1-document.msapp"},"imageUris":[],"additionalUris":[]},"createdTime":"0001-01-01T00:00:00Z","lastModifiedTime":"0001-01-01T00:00:00Z","sharedGroupsCount":0,"sharedUsersCount":0,"icons":{"smallIconUri":"/11386015480372971573/Ne3917c00-f7d2-426a-b141-38419f522985-small.png","mediumIconUri":"/11386015480372971573/N9743c28a-072c-470f-83ce-2871ffd590cb-medium.png","largeIconUri":"/11386015480372971573/N3fca61b4-5028-434b-a775-3d07a2aab7b2-large.png","wideIconUri":"/11386015480372971573/Nf890c74e-35e4-40ab-bff1-c3cd247a9905-wide.png"},"connectionReferences":{"d38d9ec6-b146-455d-9789-2c79397208b8":{"id":"ff680b0c-0eb4-4ad1-99b0-21f6390148ee","displayName":"SharePoint","iconUri":"https://connectoricons-prod.azureedge.net/releases/v1.0.1591/1.0.1591.2961/sharepointonline/icon.png","dataSources":["Información de los miembros de MushroomSoft-it"],"dependencies":[],"dependents":[],"parameterHints":{},"parameterHintsV2":{},"isOnPremiseConnection":false,"bypassConsent":false,"dataSets":{"https://mushroomsoftit.sharepoint.com/sites/MushroomSoftPrueba2":{"dataSources":{"Información de los miembros de MushroomSoft-it":{"tableName":"09c59c37-5848-44ab-a57d-92a18faffe9c"}}}},"apiTier":"Standard","isCustomApiConnection":false,"actions":["providers/PowerPlatform.Governance/Operations/Read","providers/PowerPlatform.Governance/Operations/Write","providers/PowerPlatform.Governance/Operations/Delete"]}},"databaseReferences":{},"almMode":"Environment","performanceOptimizationEnabled":true,"canConsumeAppPass":true,"enableModernRuntimeMode":false,"executionRestrictions":{"isTeamsOnly":false,"dataLossPreventionEvaluationResult":{"status":"Compliant","lastEvaluationDate":"2022-10-12T19:00:30.0266835Z","violations":[],"violationsByPolicy":[],"violationErrorMessage":"La aplicación usa los siguientes conectores: shared_sharepointonline."}}},"appType":"ClassicCanvasApp","appComponents":[]}}