{"name":"9c5d0520-d4f8-4973-b53b-bc62f0c697c1","id":"/providers/Microsoft.Flow/flows/9c5d0520-d4f8-4973-b53b-bc62f0c697c1","type":"Microsoft.Flow/flows","properties":{"apiId":"/providers/Microsoft.PowerApps/apis/shared_logicflows","displayName":"Cuando se crea un archivo -> Crear archivo","definition":{"metadata":{"workflowEntityId":null,"processAdvisorMetadata":null,"flowclientsuspensionreason":"None","flowclientsuspensiontime":null,"flowclientsuspensionreasondetails":null,"creator":{"id":"02a8c574-e660-4322-aa2e-9d7d89e0c5d2","type":"User","tenantId":"21efe011-bedc-4f48-a89f-431b670ec099"},"provisioningMethod":"FromDefinition","failureAlertSubscription":true,"clientLastModifiedTime":"2022-11-23T18:33:37.3774217Z"},"$schema":"https://schema.management.azure.com/providers/Microsoft.Logic/schemas/2016-06-01/workflowdefinition.json#","contentVersion":"1.0.0.0","parameters":{"$connections":{"defaultValue":{},"type":"Object"},"$authentication":{"defaultValue":{},"type":"SecureObject"}},"triggers":{"Cuando_se_crea_un_archivo":{"recurrence":{"frequency":"Minute","interval":5},"metadata":{"b!c8tdFnJMzEes84N7CJR3s-irgpTu88RAni5kO7PLeoWymEK53j3YSqq0ybl_4Iaa.01FJQBDIKM5MLURNIQHZH35XWUKWFTLLNN":"/Aplicaciones/Microsoft Forms/Informacion de equipos/Pregunta","operationMetadataId":"64ca46de-a4f9-40a5-8a0e-0762c5af87b6"},"type":"OpenApiConnection","inputs":{"host":{"apiId":"/providers/Microsoft.PowerApps/apis/shared_onedriveforbusiness","connectionName":"shared_onedriveforbusiness","operationId":"OnNewFileV2"},"parameters":{"folderId":"b!c8tdFnJMzEes84N7CJR3s-irgpTu88RAni5kO7PLeoWymEK53j3YSqq0ybl_4Iaa.01FJQBDIKM5MLURNIQHZH35XWUKWFTLLNN","includeSubfolders":false,"inferContentType":true},"authentication":"@parameters('$authentication')"}}},"actions":{"Crear_archivo":{"runAfter":{},"metadata":{"operationMetadataId":"8258de83-08e5-49d6-b494-9485f496e30d"},"type":"OpenApiConnection","inputs":{"host":{"apiId":"/providers/Microsoft.PowerApps/apis/shared_sharepointonline","connectionName":"shared_sharepointonline","operationId":"CreateFile"},"parameters":{"dataset":"https://mushroomsoftit.sharepoint.com/sites/MushroomsoftITCompanyS.A-Equipment","folderPath":"/Documentos de equipos","name":"@triggerOutputs()?['headers/x-ms-file-name-encoded']","body":"@triggerOutputs()?['body']"},"authentication":"@parameters('$authentication')"},"runtimeConfiguration":{"contentTransfer":{"transferMode":"Chunked"}}},"Enviar_correo_electrónico_(V2)":{"runAfter":{"Crear_archivo":["Succeeded"]},"metadata":{"operationMetadataId":"0d797d33-3258-4696-8337-44391919a497"},"type":"OpenApiConnection","inputs":{"host":{"apiId":"/providers/Microsoft.PowerApps/apis/shared_office365","connectionName":"shared_office365","operationId":"SendEmailV2"},"parameters":{"emailMessage/To":"sfalconi@mushroomsoft-it.com;lriofrio@mushroomsoft-it.com;jfalconi@mushroomsoft-it.com","emailMessage/Subject":"Se ha creado un archivo de documentación de equipos.","emailMessage/Body":"<p>El archivo @{outputs('Crear_archivo')?['body/Name']}, se ha creado en el sitio de equipos de Mushroomsoft-it Equipment.</p>","emailMessage/Importance":"Normal"},"authentication":"@parameters('$authentication')"}}}},"connectionReferences":{"shared_sharepointonline":{"connectionName":"shared-sharepointonl-52ce73d3-2795-48b4-907d-67a54f429b4b","source":"Embedded","id":"/providers/Microsoft.PowerApps/apis/shared_sharepointonline","tier":"NotSpecified"},"shared_onedriveforbusiness":{"connectionName":"shared-onedriveforbu-8e7ddc3c-9d0f-4601-85b0-ebfba969bb1c","source":"Embedded","id":"/providers/Microsoft.PowerApps/apis/shared_onedriveforbusiness","tier":"NotSpecified"},"shared_office365":{"connectionName":"shared-office365-a64c9d39-729a-43fa-a1ba-f232093cea97","source":"Embedded","id":"/providers/Microsoft.PowerApps/apis/shared_office365","tier":"NotSpecified"}},"flowFailureAlertSubscribed":false,"isManaged":false}}